pdb_id	chain	tcr_chain_type	struct_type	sequence	position	aa	phi	psi	e_phi	e_psi	e_total
1AC6	A	alpha	TCR	ALSGGNNKLT	1	A	-142.67	169.98	4.9861	5.5861	10.5721
1AC6	A	alpha	TCR	ALSGGNNKLT	2	L	-150.11	146.16	6.7494	6.3407	13.0900
1AC6	A	alpha	TCR	ALSGGNNKLT	3	S	-130.79	119.45	3.5971	3.7722	7.3693
1AC6	A	alpha	TCR	ALSGGNNKLT	4	G	-174.82	-139.82	8.5186	9.5215	18.0401
1AC6	A	alpha	TCR	ALSGGNNKLT	5	G	50.19	-86.64	8.0964	8.1705	16.2669
1AC6	A	alpha	TCR	ALSGGNNKLT	6	N	-142.81	48.50	3.9091	5.6464	9.5555
1AC6	A	alpha	TCR	ALSGGNNKLT	7	N	76.72	3.02	6.6402	4.2150	10.8552
1AC6	A	alpha	TCR	ALSGGNNKLT	8	K	-108.76	152.14	3.3323	4.8166	8.1489
1AC6	A	alpha	TCR	ALSGGNNKLT	9	L	-87.01	128.26	3.0673	3.0273	6.0947
1AC6	A	alpha	TCR	ALSGGNNKLT	10	T	-102.01	122.01	3.5061	5.2185	8.7246
1AO7	E	alpha	TCR-pMHC	ASRPGLAGGRPEQY	1	A	-153.83	160.65	4.1014	3.6709	7.7723
1AO7	E	alpha	TCR-pMHC	ASRPGLAGGRPEQY	2	S	-148.28	150.19	3.3585	2.4162	5.7747
1AO7	E	alpha	TCR-pMHC	ASRPGLAGGRPEQY	3	R	-128.74	159.90	3.3057	3.1252	6.4309
1AO7	E	alpha	TCR-pMHC	ASRPGLAGGRPEQY	4	P	-68.43	-31.51	1.8165	3.1183	4.9348
1AO7	E	alpha	TCR-pMHC	ASRPGLAGGRPEQY	5	G	70.50	-147.57	10.4691	11.9950	22.4641
1AO7	E	alpha	TCR-pMHC	ASRPGLAGGRPEQY	6	L	-68.76	1.50	1.6873	6.1592	7.8465
1AO7	E	alpha	TCR-pMHC	ASRPGLAGGRPEQY	7	A	-96.38	1.47	3.9845	6.8924	10.8769
1AO7	E	alpha	TCR-pMHC	ASRPGLAGGRPEQY	8	G	-169.74	152.01	8.8738	5.4411	14.3149
1AO7	E	alpha	TCR-pMHC	ASRPGLAGGRPEQY	9	G	-87.51	0.01	3.9438	7.7921	11.7359
1AO7	E	alpha	TCR-pMHC	ASRPGLAGGRPEQY	10	R	-89.71	111.56	2.6769	3.6050	6.2819
1AO7	E	alpha	TCR-pMHC	ASRPGLAGGRPEQY	11	P	-64.41	-20.48	2.8870	3.5935	6.4805
1AO7	E	alpha	TCR-pMHC	ASRPGLAGGRPEQY	12	E	-58.07	131.06	3.2969	3.2566	6.5535
1AO7	E	alpha	TCR-pMHC	ASRPGLAGGRPEQY	13	Q	-103.35	136.29	4.2351	5.1033	9.3384
1AO7	E	alpha	TCR-pMHC	ASRPGLAGGRPEQY	14	Y	-112.08	134.42	3.2911	2.1361	5.4271
1BD2	D	alpha	TCR-pMHC	AAMEGAQKLV	1	A	-135.88	165.90	4.0833	3.8833	7.9666
1BD2	D	alpha	TCR-pMHC	AAMEGAQKLV	2	A	-150.91	142.84	4.5310	2.5134	7.0445
1BD2	D	alpha	TCR-pMHC	AAMEGAQKLV	3	M	-106.19	154.78	6.7647	3.0728	9.8376
1BD2	D	alpha	TCR-pMHC	AAMEGAQKLV	4	E	-118.76	72.29	4.6511	7.0289	11.6801
1BD2	D	alpha	TCR-pMHC	AAMEGAQKLV	5	G	99.40	-177.34	8.9068	6.5105	15.4173
1BD2	D	alpha	TCR-pMHC	AAMEGAQKLV	6	A	-91.84	1.53	3.8468	5.0888	8.9357
1BD2	D	alpha	TCR-pMHC	AAMEGAQKLV	7	Q	-113.58	18.14	4.8207	4.8275	9.6483
1BD2	D	alpha	TCR-pMHC	AAMEGAQKLV	8	K	-149.67	124.10	4.9918	3.9482	8.9400
1BD2	D	alpha	TCR-pMHC	AAMEGAQKLV	9	L	-117.87	138.64	4.3478	4.0052	8.3531
1BD2	D	alpha	TCR-pMHC	AAMEGAQKLV	10	V	-129.42	115.27	2.6691	3.4772	6.1464
1BEC	A	alpha	TCR	ASGGGRGSYAEQF	1	A	-149.75	153.72	4.1124	2.7100	6.8224
1BEC	A	alpha	TCR	ASGGGRGSYAEQF	2	S	-126.90	160.87	2.9214	3.2290	6.1504
1BEC	A	alpha	TCR	ASGGGRGSYAEQF	3	G	144.80	-133.52	10.0599	10.7772	20.8371
1BEC	A	alpha	TCR	ASGGGRGSYAEQF	4	G	-88.55	-162.40	4.5668	10.9206	15.4873
1BEC	A	alpha	TCR	ASGGGRGSYAEQF	5	G	-56.93	151.16	4.2975	5.0173	9.3148
1BEC	A	alpha	TCR	ASGGGRGSYAEQF	6	R	-56.08	123.61	4.0214	2.2704	6.2917
1BEC	A	alpha	TCR	ASGGGRGSYAEQF	7	G	79.01	-7.54	8.7442	5.6571	14.4013
1BEC	A	alpha	TCR	ASGGGRGSYAEQF	8	S	-93.70	79.43	3.0978	6.2245	9.3223
1BEC	A	alpha	TCR	ASGGGRGSYAEQF	9	Y	-66.13	-26.38	2.5564	4.4973	7.0537
1BEC	A	alpha	TCR	ASGGGRGSYAEQF	10	A	-62.49	-24.36	2.4950	3.9104	6.4055
1BEC	A	alpha	TCR	ASGGGRGSYAEQF	11	E	-98.38	-2.01	3.4892	3.6488	7.1380
1BEC	A	alpha	TCR	ASGGGRGSYAEQF	12	Q	-102.66	149.28	4.2069	4.1383	8.3452
1BEC	A	alpha	TCR	ASGGGRGSYAEQF	13	F	-123.22	117.99	3.0947	4.0605	7.1552
1BWM	A	alpha	TCR	ASGGQGRAEQF	1	A	-139.89	157.05	4.5251	3.1450	7.6701
1BWM	A	alpha	TCR	ASGGQGRAEQF	2	S	-142.71	130.03	3.0930	2.7790	5.8720
1BWM	A	alpha	TCR	ASGGQGRAEQF	3	G	-139.01	-179.72	4.2908	8.2962	12.5870
1BWM	A	alpha	TCR	ASGGQGRAEQF	4	G	-90.46	-164.03	3.8802	8.6718	12.5520
1BWM	A	alpha	TCR	ASGGQGRAEQF	5	Q	-112.32	158.62	3.6834	3.1938	6.8772
1BWM	A	alpha	TCR	ASGGQGRAEQF	6	G	84.94	-96.39	9.5379	9.6246	19.1624
1BWM	A	alpha	TCR	ASGGQGRAEQF	7	R	-122.82	92.05	3.1712	4.7893	7.9604
1BWM	A	alpha	TCR	ASGGQGRAEQF	8	A	-150.08	149.22	3.3146	2.8638	6.1784
1BWM	A	alpha	TCR	ASGGQGRAEQF	9	E	-93.61	158.08	3.5695	3.1354	6.7048
1BWM	A	alpha	TCR	ASGGQGRAEQF	10	Q	-83.93	111.68	4.1957	6.7055	10.9012
1BWM	A	alpha	TCR	ASGGQGRAEQF	11	F	-71.64	73.47	2.8145	4.9158	7.7303
